@odata.context,value
https://ghoapi.azureedge.net/api/$metadata#SA_0000001732,"{'Id': 6801917, 'IndicatorCode': 'SA_0000001732', 'SpatialDimType': 'COUNTRY', 'SpatialDim': 'EST', 'TimeDimType': 'YEAR', 'ParentLocationCode': 'EUR', 'ParentLocation': 'Europe', 'Dim1Type': None, 'Dim1': None, 'TimeDim': 2012, 'Dim2Type': None, 'Dim2': None, 'Dim3Type': None, 'Dim3': None, 'DataSourceDimType': None, 'DataSourceDim': None, 'Value': 'Yes', 'NumericValue': None, 'Low': None, 'High': None, 'Comments': None, 'Date': '2014-01-03T16:09:30+01:00', 'TimeDimensionValue': '2012', 'TimeDimensionBegin': '2012-01-01T00:00:00+01:00', 'TimeDimensionEnd': '2012-12-31T00:00:00+01:00'}"
https://ghoapi.azureedge.net/api/$metadata#SA_0000001732,"{'Id': 6801938, 'IndicatorCode': 'SA_0000001732', 'SpatialDimType': 'COUNTRY', 'SpatialDim': 'MNE', 'TimeDimType': 'YEAR', 'ParentLocationCode': 'EUR', 'ParentLocation': 'Europe', 'Dim1Type': None, 'Dim1': None, 'TimeDim': 2012, 'Dim2Type': None, 'Dim2': None, 'Dim3Type': None, 'Dim3': None, 'DataSourceDimType': None, 'DataSourceDim': None, 'Value': 'No', 'NumericValue': None, 'Low': None, 'High': None, 'Comments': None, 'Date': '2014-01-03T16:09:31+01:00', 'TimeDimensionValue': '2012', 'TimeDimensionBegin': '2012-01-01T00:00:00+01:00', 'TimeDimensionEnd': '2012-12-31T00:00:00+01:00'}"
https://ghoapi.azureedge.net/api/$metadata#SA_0000001732,"{'Id': 6801943, 'IndicatorCode': 'SA_0000001732', 'SpatialDimType': 'COUNTRY', 'SpatialDim': 'ROU', 'TimeDimType': 'YEAR', 'ParentLocationCode': 'EUR', 'ParentLocation': 'Europe', 'Dim1Type': None, 'Dim1': None, 'TimeDim': 2012, 'Dim2Type': None, 'Dim2': None, 'Dim3Type': None, 'Dim3': None, 'DataSourceDimType': None, 'DataSourceDim': None, 'Value': 'Yes', 'NumericValue': None, 'Low': None, 'High': None, 'Comments': None, 'Date': '2014-01-03T16:09:31+01:00', 'TimeDimensionValue': '2012', 'TimeDimensionBegin': '2012-01-01T00:00:00+01:00', 'TimeDimensionEnd': '2012-12-31T00:00:00+01:00'}"
https://ghoapi.azureedge.net/api/$metadata#SA_0000001732,"{'Id': 6801912, 'IndicatorCode': 'SA_0000001732', 'SpatialDimType': 'COUNTRY', 'SpatialDim': 'CYP', 'TimeDimType': 'YEAR', 'ParentLocationCode': 'EUR', 'ParentLocation': 'Europe', 'Dim1Type': None, 'Dim1': None, 'TimeDim': 2012, 'Dim2Type': None, 'Dim2': None, 'Dim3Type': None, 'Dim3': None, 'DataSourceDimType': None, 'DataSourceDim': None, 'Value': 'No', 'NumericValue': None, 'Low': None, 'High': None, 'Comments': None, 'Date': '2014-01-03T16:09:29+01:00', 'TimeDimensionValue': '2012', 'TimeDimensionBegin': '2012-01-01T00:00:00+01:00', 'TimeDimensionEnd': '2012-12-31T00:00:00+01:00'}"
https://ghoapi.azureedge.net/api/$metadata#SA_0000001732,"{'Id': 6801939, 'IndicatorCode': 'SA_0000001732', 'SpatialDimType': 'COUNTRY', 'SpatialDim': 'NLD', 'TimeDimType': 'YEAR', 'ParentLocationCode': 'EUR', 'ParentLocation': 'Europe', 'Dim1Type': None, 'Dim1': None, 'TimeDim': 2012, 'Dim2Type': None, 'Dim2': None, 'Dim3Type': None, 'Dim3': None, 'DataSourceDimType': None, 'DataSourceDim': None, 'Value': 'No', 'NumericValue': None, 'Low': None, 'High': None, 'Comments': None, 'Date': '2014-01-03T16:09:31+01:00', 'TimeDimensionValue': '2012', 'TimeDimensionBegin': '2012-01-01T00:00:00+01:00', 'TimeDimensionEnd': '2012-12-31T00:00:00+01:00'}"
https://ghoapi.azureedge.net/api/$metadata#SA_0000001732,"{'Id': 6801952, 'IndicatorCode': 'SA_0000001732', 'SpatialDimType': 'COUNTRY', 'SpatialDim': 'TUR', 'TimeDimType': 'YEAR', 'ParentLocationCode': 'EUR', 'ParentLocation': 'Europe', 'Dim1Type': None, 'Dim1': None, 'TimeDim': 2012, 'Dim2Type': None, 'Dim2': None, 'Dim3Type': None, 'Dim3': None, 'DataSourceDimType': None, 'DataSourceDim': None, 'Value': 'No', 'NumericValue': None, 'Low': None, 'High': None, 'Comments': None, 'Date': '2014-01-03T16:09:32+01:00', 'TimeDimensionValue': '2012', 'TimeDimensionBegin': '2012-01-01T00:00:00+01:00', 'TimeDimensionEnd': '2012-12-31T00:00:00+01:00'}"
https://ghoapi.azureedge.net/api/$metadata#SA_0000001732,"{'Id': 6801951, 'IndicatorCode': 'SA_0000001732', 'SpatialDimType': 'COUNTRY', 'SpatialDim': 'TKM', 'TimeDimType': 'YEAR', 'ParentLocationCode': 'EUR', 'ParentLocation': 'Europe', 'Dim1Type': None, 'Dim1': None, 'TimeDim': 2012, 'Dim2Type': None, 'Dim2': None, 'Dim3Type': None, 'Dim3': None, 'DataSourceDimType': None, 'DataSourceDim': None, 'Value': None, 'NumericValue': None, 'Low': None, 'High': None, 'Comments': 'missing data', 'Date': '2014-01-14T14:45:57+01:00', 'TimeDimensionValue': '2012', 'TimeDimensionBegin': '2012-01-01T00:00:00+01:00', 'TimeDimensionEnd': '2012-12-31T00:00:00+01:00'}"
https://ghoapi.azureedge.net/api/$metadata#SA_0000001732,"{'Id': 6801914, 'IndicatorCode': 'SA_0000001732', 'SpatialDimType': 'COUNTRY', 'SpatialDim': 'DEU', 'TimeDimType': 'YEAR', 'ParentLocationCode': 'EUR', 'ParentLocation': 'Europe', 'Dim1Type': None, 'Dim1': None, 'TimeDim': 2012, 'Dim2Type': None, 'Dim2': None, 'Dim3Type': None, 'Dim3': None, 'DataSourceDimType': None, 'DataSourceDim': None, 'Value': 'Yes', 'NumericValue': None, 'Low': None, 'High': None, 'Comments': None, 'Date': '2014-01-03T16:09:30+01:00', 'TimeDimensionValue': '2012', 'TimeDimensionBegin': '2012-01-01T00:00:00+01:00', 'TimeDimensionEnd': '2012-12-31T00:00:00+01:00'}"
https://ghoapi.azureedge.net/api/$metadata#SA_0000001732,"{'Id': 6801913, 'IndicatorCode': 'SA_0000001732', 'SpatialDimType': 'COUNTRY', 'SpatialDim': 'CZE', 'TimeDimType': 'YEAR', 'ParentLocationCode': 'EUR', 'ParentLocation': 'Europe', 'Dim1Type': None, 'Dim1': None, 'TimeDim': 2012, 'Dim2Type': None, 'Dim2': None, 'Dim3Type': None, 'Dim3': None, 'DataSourceDimType': None, 'DataSourceDim': None, 'Value': 'Yes', 'NumericValue': None, 'Low': None, 'High': None, 'Comments': None, 'Date': '2014-01-03T16:09:30+01:00', 'TimeDimensionValue': '2012', 'TimeDimensionBegin': '2012-01-01T00:00:00+01:00', 'TimeDimensionEnd': '2012-12-31T00:00:00+01:00'}"
https://ghoapi.azureedge.net/api/$metadata#SA_0000001732,"{'Id': 6801911, 'IndicatorCode': 'SA_0000001732', 'SpatialDimType': 'COUNTRY', 'SpatialDim': 'CHE', 'TimeDimType': 'YEAR', 'ParentLocationCode': 'EUR', 'ParentLocation': 'Europe', 'Dim1Type': None, 'Dim1': None, 'TimeDim': 2012, 'Dim2Type': None, 'Dim2': None, 'Dim3Type': None, 'Dim3': None, 'DataSourceDimType': None, 'DataSourceDim': None, 'Value': 'No', 'NumericValue': None, 'Low': None, 'High': None, 'Comments': None, 'Date': '2014-01-03T16:09:32+01:00', 'TimeDimensionValue': '2012', 'TimeDimensionBegin': '2012-01-01T00:00:00+01:00', 'TimeDimensionEnd': '2012-12-31T00:00:00+01:00'}"
https://ghoapi.azureedge.net/api/$metadata#SA_0000001732,"{'Id': 6801906, 'IndicatorCode': 'SA_0000001732', 'SpatialDimType': 'COUNTRY', 'SpatialDim': 'AZE', 'TimeDimType': 'YEAR', 'ParentLocationCode': 'EUR', 'ParentLocation': 'Europe', 'Dim1Type': None, 'Dim1': None, 'TimeDim': 2012, 'Dim2Type': None, 'Dim2': None, 'Dim3Type': None, 'Dim3': None, 'DataSourceDimType': None, 'DataSourceDim': None, 'Value': 'No', 'NumericValue': None, 'Low': None, 'High': None, 'Comments': None, 'Date': '2014-01-03T16:09:29+01:00', 'TimeDimensionValue': '2012', 'TimeDimensionBegin': '2012-01-01T00:00:00+01:00', 'TimeDimensionEnd': '2012-12-31T00:00:00+01:00'}"
https://ghoapi.azureedge.net/api/$metadata#SA_0000001732,"{'Id': 6801941, 'IndicatorCode': 'SA_0000001732', 'SpatialDimType': 'COUNTRY', 'SpatialDim': 'POL', 'TimeDimType': 'YEAR', 'ParentLocationCode': 'EUR', 'ParentLocation': 'Europe', 'Dim1Type': None, 'Dim1': None, 'TimeDim': 2012, 'Dim2Type': None, 'Dim2': None, 'Dim3Type': None, 'Dim3': None, 'DataSourceDimType': None, 'DataSourceDim': None, 'Value': 'Yes', 'NumericValue': None, 'Low': None, 'High': None, 'Comments': None, 'Date': '2014-01-03T16:09:31+01:00', 'TimeDimensionValue': '2012', 'TimeDimensionBegin': '2012-01-01T00:00:00+01:00', 'TimeDimensionEnd': '2012-12-31T00:00:00+01:00'}"
https://ghoapi.azureedge.net/api/$metadata#SA_0000001732,"{'Id': 6801929, 'IndicatorCode': 'SA_0000001732', 'SpatialDimType': 'COUNTRY', 'SpatialDim': 'KAZ', 'TimeDimType': 'YEAR', 'ParentLocationCode': 'EUR', 'ParentLocation': 'Europe', 'Dim1Type': None, 'Dim1': None, 'TimeDim': 2012, 'Dim2Type': None, 'Dim2': None, 'Dim3Type': None, 'Dim3': None, 'DataSourceDimType': None, 'DataSourceDim': None, 'Value': None, 'NumericValue': None, 'Low': None, 'High': None, 'Comments': 'missing data', 'Date': '2014-01-14T14:45:57+01:00', 'TimeDimensionValue': '2012', 'TimeDimensionBegin': '2012-01-01T00:00:00+01:00', 'TimeDimensionEnd': '2012-12-31T00:00:00+01:00'}"
https://ghoapi.azureedge.net/api/$metadata#SA_0000001732,"{'Id': 6801946, 'IndicatorCode': 'SA_0000001732', 'SpatialDimType': 'COUNTRY', 'SpatialDim': 'SRB', 'TimeDimType': 'YEAR', 'ParentLocationCode': 'EUR', 'ParentLocation': 'Europe', 'Dim1Type': None, 'Dim1': None, 'TimeDim': 2012, 'Dim2Type': None, 'Dim2': None, 'Dim3Type': None, 'Dim3': None, 'DataSourceDimType': None, 'DataSourceDim': None, 'Value': 'No', 'NumericValue': None, 'Low': None, 'High': None, 'Comments': None, 'Date': '2014-01-03T16:09:31+01:00', 'TimeDimensionValue': '2012', 'TimeDimensionBegin': '2012-01-01T00:00:00+01:00', 'TimeDimensionEnd': '2012-12-31T00:00:00+01:00'}"
https://ghoapi.azureedge.net/api/$metadata#SA_0000001732,"{'Id': 6801934, 'IndicatorCode': 'SA_0000001732', 'SpatialDimType': 'COUNTRY', 'SpatialDim': 'MCO', 'TimeDimType': 'YEAR', 'ParentLocationCode': 'EUR', 'ParentLocation': 'Europe', 'Dim1Type': None, 'Dim1': None, 'TimeDim': 2012, 'Dim2Type': None, 'Dim2': None, 'Dim3Type': None, 'Dim3': None, 'DataSourceDimType': None, 'DataSourceDim': None, 'Value': None, 'NumericValue': None, 'Low': None, 'High': None, 'Comments': 'missing data', 'Date': '2014-01-14T14:45:57+01:00', 'TimeDimensionValue': '2012', 'TimeDimensionBegin': '2012-01-01T00:00:00+01:00', 'TimeDimensionEnd': '2012-12-31T00:00:00+01:00'}"
https://ghoapi.azureedge.net/api/$metadata#SA_0000001732,"{'Id': 6801933, 'IndicatorCode': 'SA_0000001732', 'SpatialDimType': 'COUNTRY', 'SpatialDim': 'LVA', 'TimeDimType': 'YEAR', 'ParentLocationCode': 'EUR', 'ParentLocation': 'Europe', 'Dim1Type': None, 'Dim1': None, 'TimeDim': 2012, 'Dim2Type': None, 'Dim2': None, 'Dim3Type': None, 'Dim3': None, 'DataSourceDimType': None, 'DataSourceDim': None, 'Value': 'Yes', 'NumericValue': None, 'Low': None, 'High': None, 'Comments': None, 'Date': '2014-01-03T16:09:31+01:00', 'TimeDimensionValue': '2012', 'TimeDimensionBegin': '2012-01-01T00:00:00+01:00', 'TimeDimensionEnd': '2012-12-31T00:00:00+01:00'}"
https://ghoapi.azureedge.net/api/$metadata#SA_0000001732,"{'Id': 6801924, 'IndicatorCode': 'SA_0000001732', 'SpatialDimType': 'COUNTRY', 'SpatialDim': 'HUN', 'TimeDimType': 'YEAR', 'ParentLocationCode': 'EUR', 'ParentLocation': 'Europe', 'Dim1Type': None, 'Dim1': None, 'TimeDim': 2012, 'Dim2Type': None, 'Dim2': None, 'Dim3Type': None, 'Dim3': None, 'DataSourceDimType': None, 'DataSourceDim': None, 'Value': 'Yes', 'NumericValue': None, 'Low': None, 'High': None, 'Comments': None, 'Date': '2014-01-03T16:09:30+01:00', 'TimeDimensionValue': '2012', 'TimeDimensionBegin': '2012-01-01T00:00:00+01:00', 'TimeDimensionEnd': '2012-12-31T00:00:00+01:00'}"
https://ghoapi.azureedge.net/api/$metadata#SA_0000001732,"{'Id': 6801925, 'IndicatorCode': 'SA_0000001732', 'SpatialDimType': 'COUNTRY', 'SpatialDim': 'IRL', 'TimeDimType': 'YEAR', 'ParentLocationCode': 'EUR', 'ParentLocation': 'Europe', 'Dim1Type': None, 'Dim1': None, 'TimeDim': 2012, 'Dim2Type': None, 'Dim2': None, 'Dim3Type': None, 'Dim3': None, 'DataSourceDimType': None, 'DataSourceDim': None, 'Value': 'No', 'NumericValue': None, 'Low': None, 'High': None, 'Comments': None, 'Date': '2014-01-03T16:09:30+01:00', 'TimeDimensionValue': '2012', 'TimeDimensionBegin': '2012-01-01T00:00:00+01:00', 'TimeDimensionEnd': '2012-12-31T00:00:00+01:00'}"
https://ghoapi.azureedge.net/api/$metadata#SA_0000001732,"{'Id': 6801902, 'IndicatorCode': 'SA_0000001732', 'SpatialDimType': 'COUNTRY', 'SpatialDim': 'ALB', 'TimeDimType': 'YEAR', 'ParentLocationCode': 'EUR', 'ParentLocation': 'Europe', 'Dim1Type': None, 'Dim1': None, 'TimeDim': 2012, 'Dim2Type': None, 'Dim2': None, 'Dim3Type': None, 'Dim3': None, 'DataSourceDimType': None, 'DataSourceDim': None, 'Value': 'Yes', 'NumericValue': None, 'Low': None, 'High': None, 'Comments': None, 'Date': '2014-01-03T16:09:29+01:00', 'TimeDimensionValue': '2012', 'TimeDimensionBegin': '2012-01-01T00:00:00+01:00', 'TimeDimensionEnd': '2012-12-31T00:00:00+01:00'}"
https://ghoapi.azureedge.net/api/$metadata#SA_0000001732,"{'Id': 6801916, 'IndicatorCode': 'SA_0000001732', 'SpatialDimType': 'COUNTRY', 'SpatialDim': 'ESP', 'TimeDimType': 'YEAR', 'ParentLocationCode': 'EUR', 'ParentLocation': 'Europe', 'Dim1Type': None, 'Dim1': None, 'TimeDim': 2012, 'Dim2Type': None, 'Dim2': None, 'Dim3Type': None, 'Dim3': None, 'DataSourceDimType': None, 'DataSourceDim': None, 'Value': 'Yes', 'NumericValue': None, 'Low': None, 'High': None, 'Comments': None, 'Date': '2014-01-03T16:09:32+01:00', 'TimeDimensionValue': '2012', 'TimeDimensionBegin': '2012-01-01T00:00:00+01:00', 'TimeDimensionEnd': '2012-12-31T00:00:00+01:00'}"
https://ghoapi.azureedge.net/api/$metadata#SA_0000001732,"{'Id': 6801953, 'IndicatorCode': 'SA_0000001732', 'SpatialDimType': 'COUNTRY', 'SpatialDim': 'UKR', 'TimeDimType': 'YEAR', 'ParentLocationCode': 'EUR', 'ParentLocation': 'Europe', 'Dim1Type': None, 'Dim1': None, 'TimeDim': 2012, 'Dim2Type': None, 'Dim2': None, 'Dim3Type': None, 'Dim3': None, 'DataSourceDimType': None, 'DataSourceDim': None, 'Value': 'Yes', 'NumericValue': None, 'Low': None, 'High': None, 'Comments': None, 'Date': '2014-01-03T16:09:32+01:00', 'TimeDimensionValue': '2012', 'TimeDimensionBegin': '2012-01-01T00:00:00+01:00', 'TimeDimensionEnd': '2012-12-31T00:00:00+01:00'}"
https://ghoapi.azureedge.net/api/$metadata#SA_0000001732,"{'Id': 6801927, 'IndicatorCode': 'SA_0000001732', 'SpatialDimType': 'COUNTRY', 'SpatialDim': 'ISR', 'TimeDimType': 'YEAR', 'ParentLocationCode': 'EUR', 'ParentLocation': 'Europe', 'Dim1Type': None, 'Dim1': None, 'TimeDim': 2012, 'Dim2Type': None, 'Dim2': None, 'Dim3Type': None, 'Dim3': None, 'DataSourceDimType': None, 'DataSourceDim': None, 'Value': None, 'NumericValue': None, 'Low': None, 'High': None, 'Comments': 'missing data', 'Date': '2014-01-14T14:45:57+01:00', 'TimeDimensionValue': '2012', 'TimeDimensionBegin': '2012-01-01T00:00:00+01:00', 'TimeDimensionEnd': '2012-12-31T00:00:00+01:00'}"
https://ghoapi.azureedge.net/api/$metadata#SA_0000001732,"{'Id': 6801910, 'IndicatorCode': 'SA_0000001732', 'SpatialDimType': 'COUNTRY', 'SpatialDim': 'BLR', 'TimeDimType': 'YEAR', 'ParentLocationCode': 'EUR', 'ParentLocation': 'Europe', 'Dim1Type': None, 'Dim1': None, 'TimeDim': 2012, 'Dim2Type': None, 'Dim2': None, 'Dim3Type': None, 'Dim3': None, 'DataSourceDimType': None, 'DataSourceDim': None, 'Value': 'Yes', 'NumericValue': None, 'Low': None, 'High': None, 'Comments': None, 'Date': '2014-01-03T16:09:29+01:00', 'TimeDimensionValue': '2012', 'TimeDimensionBegin': '2012-01-01T00:00:00+01:00', 'TimeDimensionEnd': '2012-12-31T00:00:00+01:00'}"
https://ghoapi.azureedge.net/api/$metadata#SA_0000001732,"{'Id': 6801950, 'IndicatorCode': 'SA_0000001732', 'SpatialDimType': 'COUNTRY', 'SpatialDim': 'TJK', 'TimeDimType': 'YEAR', 'ParentLocationCode': 'EUR', 'ParentLocation': 'Europe', 'Dim1Type': None, 'Dim1': None, 'TimeDim': 2012, 'Dim2Type': None, 'Dim2': None, 'Dim3Type': None, 'Dim3': None, 'DataSourceDimType': None, 'DataSourceDim': None, 'Value': None, 'NumericValue': None, 'Low': None, 'High': None, 'Comments': 'missing data', 'Date': '2014-01-14T14:45:57+01:00', 'TimeDimensionValue': '2012', 'TimeDimensionBegin': '2012-01-01T00:00:00+01:00', 'TimeDimensionEnd': '2012-12-31T00:00:00+01:00'}"
https://ghoapi.azureedge.net/api/$metadata#SA_0000001732,"{'Id': 6801909, 'IndicatorCode': 'SA_0000001732', 'SpatialDimType': 'COUNTRY', 'SpatialDim': 'BIH', 'TimeDimType': 'YEAR', 'ParentLocationCode': 'EUR', 'ParentLocation': 'Europe', 'Dim1Type': None, 'Dim1': None, 'TimeDim': 2012, 'Dim2Type': None, 'Dim2': None, 'Dim3Type': None, 'Dim3': None, 'DataSourceDimType': None, 'DataSourceDim': None, 'Value': 'No', 'NumericValue': None, 'Low': None, 'High': None, 'Comments': None, 'Date': '2014-01-03T16:09:29+01:00', 'TimeDimensionValue': '2012', 'TimeDimensionBegin': '2012-01-01T00:00:00+01:00', 'TimeDimensionEnd': '2012-12-31T00:00:00+01:00'}"
https://ghoapi.azureedge.net/api/$metadata#SA_0000001732,"{'Id': 6801908, 'IndicatorCode': 'SA_0000001732', 'SpatialDimType': 'COUNTRY', 'SpatialDim': 'BGR', 'TimeDimType': 'YEAR', 'ParentLocationCode': 'EUR', 'ParentLocation': 'Europe', 'Dim1Type': None, 'Dim1': None, 'TimeDim': 2012, 'Dim2Type': None, 'Dim2': None, 'Dim3Type': None, 'Dim3': None, 'DataSourceDimType': None, 'DataSourceDim': None, 'Value': 'Yes', 'NumericValue': None, 'Low': None, 'High': None, 'Comments': None, 'Date': '2014-01-03T16:09:29+01:00', 'TimeDimensionValue': '2012', 'TimeDimensionBegin': '2012-01-01T00:00:00+01:00', 'TimeDimensionEnd': '2012-12-31T00:00:00+01:00'}"
https://ghoapi.azureedge.net/api/$metadata#SA_0000001732,"{'Id': 6801948, 'IndicatorCode': 'SA_0000001732', 'SpatialDimType': 'COUNTRY', 'SpatialDim': 'SVN', 'TimeDimType': 'YEAR', 'ParentLocationCode': 'EUR', 'ParentLocation': 'Europe', 'Dim1Type': None, 'Dim1': None, 'TimeDim': 2012, 'Dim2Type': None, 'Dim2': None, 'Dim3Type': None, 'Dim3': None, 'DataSourceDimType': None, 'DataSourceDim': None, 'Value': 'Yes', 'NumericValue': None, 'Low': None, 'High': None, 'Comments': None, 'Date': '2014-01-03T16:09:32+01:00', 'TimeDimensionValue': '2012', 'TimeDimensionBegin': '2012-01-01T00:00:00+01:00', 'TimeDimensionEnd': '2012-12-31T00:00:00+01:00'}"
https://ghoapi.azureedge.net/api/$metadata#SA_0000001732,"{'Id': 6801928, 'IndicatorCode': 'SA_0000001732', 'SpatialDimType': 'COUNTRY', 'SpatialDim': 'ITA', 'TimeDimType': 'YEAR', 'ParentLocationCode': 'EUR', 'ParentLocation': 'Europe', 'Dim1Type': None, 'Dim1': None, 'TimeDim': 2012, 'Dim2Type': None, 'Dim2': None, 'Dim3Type': None, 'Dim3': None, 'DataSourceDimType': None, 'DataSourceDim': None, 'Value': 'Yes', 'NumericValue': None, 'Low': None, 'High': None, 'Comments': None, 'Date': '2014-01-03T16:09:30+01:00', 'TimeDimensionValue': '2012', 'TimeDimensionBegin': '2012-01-01T00:00:00+01:00', 'TimeDimensionEnd': '2012-12-31T00:00:00+01:00'}"
https://ghoapi.azureedge.net/api/$metadata#SA_0000001732,"{'Id': 6801930, 'IndicatorCode': 'SA_0000001732', 'SpatialDimType': 'COUNTRY', 'SpatialDim': 'KGZ', 'TimeDimType': 'YEAR', 'ParentLocationCode': 'EUR', 'ParentLocation': 'Europe', 'Dim1Type': None, 'Dim1': None, 'TimeDim': 2012, 'Dim2Type': None, 'Dim2': None, 'Dim3Type': None, 'Dim3': None, 'DataSourceDimType': None, 'DataSourceDim': None, 'Value': 'Yes', 'NumericValue': None, 'Low': None, 'High': None, 'Comments': None, 'Date': '2014-01-03T16:09:30+01:00', 'TimeDimensionValue': '2012', 'TimeDimensionBegin': '2012-01-01T00:00:00+01:00', 'TimeDimensionEnd': '2012-12-31T00:00:00+01:00'}"
https://ghoapi.azureedge.net/api/$metadata#SA_0000001732,"{'Id': 6801923, 'IndicatorCode': 'SA_0000001732', 'SpatialDimType': 'COUNTRY', 'SpatialDim': 'HRV', 'TimeDimType': 'YEAR', 'ParentLocationCode': 'EUR', 'ParentLocation': 'Europe', 'Dim1Type': None, 'Dim1': None, 'TimeDim': 2012, 'Dim2Type': None, 'Dim2': None, 'Dim3Type': None, 'Dim3': None, 'DataSourceDimType': None, 'DataSourceDim': None, 'Value': 'Yes', 'NumericValue': None, 'Low': None, 'High': None, 'Comments': None, 'Date': '2014-01-03T16:09:29+01:00', 'TimeDimensionValue': '2012', 'TimeDimensionBegin': '2012-01-01T00:00:00+01:00', 'TimeDimensionEnd': '2012-12-31T00:00:00+01:00'}"
https://ghoapi.azureedge.net/api/$metadata#SA_0000001732,"{'Id': 6801936, 'IndicatorCode': 'SA_0000001732', 'SpatialDimType': 'COUNTRY', 'SpatialDim': 'MKD', 'TimeDimType': 'YEAR', 'ParentLocationCode': 'EUR', 'ParentLocation': 'Europe', 'Dim1Type': None, 'Dim1': None, 'TimeDim': 2012, 'Dim2Type': None, 'Dim2': None, 'Dim3Type': None, 'Dim3': None, 'DataSourceDimType': None, 'DataSourceDim': None, 'Value': 'No', 'NumericValue': None, 'Low': None, 'High': None, 'Comments': None, 'Date': '2014-01-03T16:09:32+01:00', 'TimeDimensionValue': '2012', 'TimeDimensionBegin': '2012-01-01T00:00:00+01:00', 'TimeDimensionEnd': '2012-12-31T00:00:00+01:00'}"
https://ghoapi.azureedge.net/api/$metadata#SA_0000001732,"{'Id': 6801922, 'IndicatorCode': 'SA_0000001732', 'SpatialDimType': 'COUNTRY', 'SpatialDim': 'GRC', 'TimeDimType': 'YEAR', 'ParentLocationCode': 'EUR', 'ParentLocation': 'Europe', 'Dim1Type': None, 'Dim1': None, 'TimeDim': 2012, 'Dim2Type': None, 'Dim2': None, 'Dim3Type': None, 'Dim3': None, 'DataSourceDimType': None, 'DataSourceDim': None, 'Value': 'Yes', 'NumericValue': None, 'Low': None, 'High': None, 'Comments': None, 'Date': '2014-01-03T16:09:30+01:00', 'TimeDimensionValue': '2012', 'TimeDimensionBegin': '2012-01-01T00:00:00+01:00', 'TimeDimensionEnd': '2012-12-31T00:00:00+01:00'}"
https://ghoapi.azureedge.net/api/$metadata#SA_0000001732,"{'Id': 6801904, 'IndicatorCode': 'SA_0000001732', 'SpatialDimType': 'COUNTRY', 'SpatialDim': 'ARM', 'TimeDimType': 'YEAR', 'ParentLocationCode': 'EUR', 'ParentLocation': 'Europe', 'Dim1Type': None, 'Dim1': None, 'TimeDim': 2012, 'Dim2Type': None, 'Dim2': None, 'Dim3Type': None, 'Dim3': None, 'DataSourceDimType': None, 'DataSourceDim': None, 'Value': 'Yes', 'NumericValue': None, 'Low': None, 'High': None, 'Comments': None, 'Date': '2014-01-03T16:09:29+01:00', 'TimeDimensionValue': '2012', 'TimeDimensionBegin': '2012-01-01T00:00:00+01:00', 'TimeDimensionEnd': '2012-12-31T00:00:00+01:00'}"
https://ghoapi.azureedge.net/api/$metadata#SA_0000001732,"{'Id': 6801944, 'IndicatorCode': 'SA_0000001732', 'SpatialDimType': 'COUNTRY', 'SpatialDim': 'RUS', 'TimeDimType': 'YEAR', 'ParentLocationCode': 'EUR', 'ParentLocation': 'Europe', 'Dim1Type': None, 'Dim1': None, 'TimeDim': 2012, 'Dim2Type': None, 'Dim2': None, 'Dim3Type': None, 'Dim3': None, 'DataSourceDimType': None, 'DataSourceDim': None, 'Value': 'Yes', 'NumericValue': None, 'Low': None, 'High': None, 'Comments': None, 'Date': '2014-01-03T16:09:31+01:00', 'TimeDimensionValue': '2012', 'TimeDimensionBegin': '2012-01-01T00:00:00+01:00', 'TimeDimensionEnd': '2012-12-31T00:00:00+01:00'}"
https://ghoapi.azureedge.net/api/$metadata#SA_0000001732,"{'Id': 6801920, 'IndicatorCode': 'SA_0000001732', 'SpatialDimType': 'COUNTRY', 'SpatialDim': 'GBR', 'TimeDimType': 'YEAR', 'ParentLocationCode': 'EUR', 'ParentLocation': 'Europe', 'Dim1Type': None, 'Dim1': None, 'TimeDim': 2012, 'Dim2Type': None, 'Dim2': None, 'Dim3Type': None, 'Dim3': None, 'DataSourceDimType': None, 'DataSourceDim': None, 'Value': 'Yes', 'NumericValue': None, 'Low': None, 'High': None, 'Comments': None, 'Date': '2014-01-03T16:09:32+01:00', 'TimeDimensionValue': '2012', 'TimeDimensionBegin': '2012-01-01T00:00:00+01:00', 'TimeDimensionEnd': '2012-12-31T00:00:00+01:00'}"
https://ghoapi.azureedge.net/api/$metadata#SA_0000001732,"{'Id': 6801918, 'IndicatorCode': 'SA_0000001732', 'SpatialDimType': 'COUNTRY', 'SpatialDim': 'FIN', 'TimeDimType': 'YEAR', 'ParentLocationCode': 'EUR', 'ParentLocation': 'Europe', 'Dim1Type': None, 'Dim1': None, 'TimeDim': 2012, 'Dim2Type': None, 'Dim2': None, 'Dim3Type': None, 'Dim3': None, 'DataSourceDimType': None, 'DataSourceDim': None, 'Value': 'Yes', 'NumericValue': None, 'Low': None, 'High': None, 'Comments': None, 'Date': '2014-01-03T16:09:30+01:00', 'TimeDimensionValue': '2012', 'TimeDimensionBegin': '2012-01-01T00:00:00+01:00', 'TimeDimensionEnd': '2012-12-31T00:00:00+01:00'}"
https://ghoapi.azureedge.net/api/$metadata#SA_0000001732,"{'Id': 6801907, 'IndicatorCode': 'SA_0000001732', 'SpatialDimType': 'COUNTRY', 'SpatialDim': 'BEL', 'TimeDimType': 'YEAR', 'ParentLocationCode': 'EUR', 'ParentLocation': 'Europe', 'Dim1Type': None, 'Dim1': None, 'TimeDim': 2012, 'Dim2Type': None, 'Dim2': None, 'Dim3Type': None, 'Dim3': None, 'DataSourceDimType': None, 'DataSourceDim': None, 'Value': 'No', 'NumericValue': None, 'Low': None, 'High': None, 'Comments': None, 'Date': '2014-01-03T16:09:29+01:00', 'TimeDimensionValue': '2012', 'TimeDimensionBegin': '2012-01-01T00:00:00+01:00', 'TimeDimensionEnd': '2012-12-31T00:00:00+01:00'}"
https://ghoapi.azureedge.net/api/$metadata#SA_0000001732,"{'Id': 6801931, 'IndicatorCode': 'SA_0000001732', 'SpatialDimType': 'COUNTRY', 'SpatialDim': 'LTU', 'TimeDimType': 'YEAR', 'ParentLocationCode': 'EUR', 'ParentLocation': 'Europe', 'Dim1Type': None, 'Dim1': None, 'TimeDim': 2012, 'Dim2Type': None, 'Dim2': None, 'Dim3Type': None, 'Dim3': None, 'DataSourceDimType': None, 'DataSourceDim': None, 'Value': 'Yes', 'NumericValue': None, 'Low': None, 'High': None, 'Comments': None, 'Date': '2014-01-03T16:09:31+01:00', 'TimeDimensionValue': '2012', 'TimeDimensionBegin': '2012-01-01T00:00:00+01:00', 'TimeDimensionEnd': '2012-12-31T00:00:00+01:00'}"
https://ghoapi.azureedge.net/api/$metadata#SA_0000001732,"{'Id': 6801937, 'IndicatorCode': 'SA_0000001732', 'SpatialDimType': 'COUNTRY', 'SpatialDim': 'MLT', 'TimeDimType': 'YEAR', 'ParentLocationCode': 'EUR', 'ParentLocation': 'Europe', 'Dim1Type': None, 'Dim1': None, 'TimeDim': 2012, 'Dim2Type': None, 'Dim2': None, 'Dim3Type': None, 'Dim3': None, 'DataSourceDimType': None, 'DataSourceDim': None, 'Value': 'No', 'NumericValue': None, 'Low': None, 'High': None, 'Comments': None, 'Date': '2014-01-03T16:09:31+01:00', 'TimeDimensionValue': '2012', 'TimeDimensionBegin': '2012-01-01T00:00:00+01:00', 'TimeDimensionEnd': '2012-12-31T00:00:00+01:00'}"
https://ghoapi.azureedge.net/api/$metadata#SA_0000001732,"{'Id': 6801921, 'IndicatorCode': 'SA_0000001732', 'SpatialDimType': 'COUNTRY', 'SpatialDim': 'GEO', 'TimeDimType': 'YEAR', 'ParentLocationCode': 'EUR', 'ParentLocation': 'Europe', 'Dim1Type': None, 'Dim1': None, 'TimeDim': 2012, 'Dim2Type': None, 'Dim2': None, 'Dim3Type': None, 'Dim3': None, 'DataSourceDimType': None, 'DataSourceDim': None, 'Value': None, 'NumericValue': None, 'Low': None, 'High': None, 'Comments': 'missing data', 'Date': '2014-01-14T14:45:57+01:00', 'TimeDimensionValue': '2012', 'TimeDimensionBegin': '2012-01-01T00:00:00+01:00', 'TimeDimensionEnd': '2012-12-31T00:00:00+01:00'}"
https://ghoapi.azureedge.net/api/$metadata#SA_0000001732,"{'Id': 6801905, 'IndicatorCode': 'SA_0000001732', 'SpatialDimType': 'COUNTRY', 'SpatialDim': 'AUT', 'TimeDimType': 'YEAR', 'ParentLocationCode': 'EUR', 'ParentLocation': 'Europe', 'Dim1Type': None, 'Dim1': None, 'TimeDim': 2012, 'Dim2Type': None, 'Dim2': None, 'Dim3Type': None, 'Dim3': None, 'DataSourceDimType': None, 'DataSourceDim': None, 'Value': 'No', 'NumericValue': None, 'Low': None, 'High': None, 'Comments': None, 'Date': '2014-01-03T16:09:29+01:00', 'TimeDimensionValue': '2012', 'TimeDimensionBegin': '2012-01-01T00:00:00+01:00', 'TimeDimensionEnd': '2012-12-31T00:00:00+01:00'}"
https://ghoapi.azureedge.net/api/$metadata#SA_0000001732,"{'Id': 6801915, 'IndicatorCode': 'SA_0000001732', 'SpatialDimType': 'COUNTRY', 'SpatialDim': 'DNK', 'TimeDimType': 'YEAR', 'ParentLocationCode': 'EUR', 'ParentLocation': 'Europe', 'Dim1Type': None, 'Dim1': None, 'TimeDim': 2012, 'Dim2Type': None, 'Dim2': None, 'Dim3Type': None, 'Dim3': None, 'DataSourceDimType': None, 'DataSourceDim': None, 'Value': 'Yes', 'NumericValue': None, 'Low': None, 'High': None, 'Comments': None, 'Date': '2014-01-03T16:09:30+01:00', 'TimeDimensionValue': '2012', 'TimeDimensionBegin': '2012-01-01T00:00:00+01:00', 'TimeDimensionEnd': '2012-12-31T00:00:00+01:00'}"
https://ghoapi.azureedge.net/api/$metadata#SA_0000001732,"{'Id': 6801926, 'IndicatorCode': 'SA_0000001732', 'SpatialDimType': 'COUNTRY', 'SpatialDim': 'ISL', 'TimeDimType': 'YEAR', 'ParentLocationCode': 'EUR', 'ParentLocation': 'Europe', 'Dim1Type': None, 'Dim1': None, 'TimeDim': 2012, 'Dim2Type': None, 'Dim2': None, 'Dim3Type': None, 'Dim3': None, 'DataSourceDimType': None, 'DataSourceDim': None, 'Value': 'Yes', 'NumericValue': None, 'Low': None, 'High': None, 'Comments': None, 'Date': '2014-01-03T16:09:30+01:00', 'TimeDimensionValue': '2012', 'TimeDimensionBegin': '2012-01-01T00:00:00+01:00', 'TimeDimensionEnd': '2012-12-31T00:00:00+01:00'}"
https://ghoapi.azureedge.net/api/$metadata#SA_0000001732,"{'Id': 6801954, 'IndicatorCode': 'SA_0000001732', 'SpatialDimType': 'COUNTRY', 'SpatialDim': 'UZB', 'TimeDimType': 'YEAR', 'ParentLocationCode': 'EUR', 'ParentLocation': 'Europe', 'Dim1Type': None, 'Dim1': None, 'TimeDim': 2012, 'Dim2Type': None, 'Dim2': None, 'Dim3Type': None, 'Dim3': None, 'DataSourceDimType': None, 'DataSourceDim': None, 'Value': None, 'NumericValue': None, 'Low': None, 'High': None, 'Comments': 'missing data', 'Date': '2014-01-14T14:45:57+01:00', 'TimeDimensionValue': '2012', 'TimeDimensionBegin': '2012-01-01T00:00:00+01:00', 'TimeDimensionEnd': '2012-12-31T00:00:00+01:00'}"
https://ghoapi.azureedge.net/api/$metadata#SA_0000001732,"{'Id': 6801949, 'IndicatorCode': 'SA_0000001732', 'SpatialDimType': 'COUNTRY', 'SpatialDim': 'SWE', 'TimeDimType': 'YEAR', 'ParentLocationCode': 'EUR', 'ParentLocation': 'Europe', 'Dim1Type': None, 'Dim1': None, 'TimeDim': 2012, 'Dim2Type': None, 'Dim2': None, 'Dim3Type': None, 'Dim3': None, 'DataSourceDimType': None, 'DataSourceDim': None, 'Value': 'Yes', 'NumericValue': None, 'Low': None, 'High': None, 'Comments': None, 'Date': '2014-01-03T16:09:32+01:00', 'TimeDimensionValue': '2012', 'TimeDimensionBegin': '2012-01-01T00:00:00+01:00', 'TimeDimensionEnd': '2012-12-31T00:00:00+01:00'}"
https://ghoapi.azureedge.net/api/$metadata#SA_0000001732,"{'Id': 6801919, 'IndicatorCode': 'SA_0000001732', 'SpatialDimType': 'COUNTRY', 'SpatialDim': 'FRA', 'TimeDimType': 'YEAR', 'ParentLocationCode': 'EUR', 'ParentLocation': 'Europe', 'Dim1Type': None, 'Dim1': None, 'TimeDim': 2012, 'Dim2Type': None, 'Dim2': None, 'Dim3Type': None, 'Dim3': None, 'DataSourceDimType': None, 'DataSourceDim': None, 'Value': 'No', 'NumericValue': None, 'Low': None, 'High': None, 'Comments': None, 'Date': '2014-01-03T16:09:30+01:00', 'TimeDimensionValue': '2012', 'TimeDimensionBegin': '2012-01-01T00:00:00+01:00', 'TimeDimensionEnd': '2012-12-31T00:00:00+01:00'}"
https://ghoapi.azureedge.net/api/$metadata#SA_0000001732,"{'Id': 6801932, 'IndicatorCode': 'SA_0000001732', 'SpatialDimType': 'COUNTRY', 'SpatialDim': 'LUX', 'TimeDimType': 'YEAR', 'ParentLocationCode': 'EUR', 'ParentLocation': 'Europe', 'Dim1Type': None, 'Dim1': None, 'TimeDim': 2012, 'Dim2Type': None, 'Dim2': None, 'Dim3Type': None, 'Dim3': None, 'DataSourceDimType': None, 'DataSourceDim': None, 'Value': 'Yes', 'NumericValue': None, 'Low': None, 'High': None, 'Comments': None, 'Date': '2014-01-03T16:09:31+01:00', 'TimeDimensionValue': '2012', 'TimeDimensionBegin': '2012-01-01T00:00:00+01:00', 'TimeDimensionEnd': '2012-12-31T00:00:00+01:00'}"
https://ghoapi.azureedge.net/api/$metadata#SA_0000001732,"{'Id': 6801940, 'IndicatorCode': 'SA_0000001732', 'SpatialDimType': 'COUNTRY', 'SpatialDim': 'NOR', 'TimeDimType': 'YEAR', 'ParentLocationCode': 'EUR', 'ParentLocation': 'Europe', 'Dim1Type': None, 'Dim1': None, 'TimeDim': 2012, 'Dim2Type': None, 'Dim2': None, 'Dim3Type': None, 'Dim3': None, 'DataSourceDimType': None, 'DataSourceDim': None, 'Value': 'Yes', 'NumericValue': None, 'Low': None, 'High': None, 'Comments': None, 'Date': '2014-01-03T16:09:31+01:00', 'TimeDimensionValue': '2012', 'TimeDimensionBegin': '2012-01-01T00:00:00+01:00', 'TimeDimensionEnd': '2012-12-31T00:00:00+01:00'}"
https://ghoapi.azureedge.net/api/$metadata#SA_0000001732,"{'Id': 6801935, 'IndicatorCode': 'SA_0000001732', 'SpatialDimType': 'COUNTRY', 'SpatialDim': 'MDA', 'TimeDimType': 'YEAR', 'ParentLocationCode': 'EUR', 'ParentLocation': 'Europe', 'Dim1Type': None, 'Dim1': None, 'TimeDim': 2012, 'Dim2Type': None, 'Dim2': None, 'Dim3Type': None, 'Dim3': None, 'DataSourceDimType': None, 'DataSourceDim': None, 'Value': 'Yes', 'NumericValue': None, 'Low': None, 'High': None, 'Comments': None, 'Date': '2014-01-03T16:09:31+01:00', 'TimeDimensionValue': '2012', 'TimeDimensionBegin': '2012-01-01T00:00:00+01:00', 'TimeDimensionEnd': '2012-12-31T00:00:00+01:00'}"
https://ghoapi.azureedge.net/api/$metadata#SA_0000001732,"{'Id': 6801945, 'IndicatorCode': 'SA_0000001732', 'SpatialDimType': 'COUNTRY', 'SpatialDim': 'SMR', 'TimeDimType': 'YEAR', 'ParentLocationCode': 'EUR', 'ParentLocation': 'Europe', 'Dim1Type': None, 'Dim1': None, 'TimeDim': 2012, 'Dim2Type': None, 'Dim2': None, 'Dim3Type': None, 'Dim3': None, 'DataSourceDimType': None, 'DataSourceDim': None, 'Value': 'Yes', 'NumericValue': None, 'Low': None, 'High': None, 'Comments': None, 'Date': '2014-01-03T16:09:31+01:00', 'TimeDimensionValue': '2012', 'TimeDimensionBegin': '2012-01-01T00:00:00+01:00', 'TimeDimensionEnd': '2012-12-31T00:00:00+01:00'}"
https://ghoapi.azureedge.net/api/$metadata#SA_0000001732,"{'Id': 6801903, 'IndicatorCode': 'SA_0000001732', 'SpatialDimType': 'COUNTRY', 'SpatialDim': 'AND', 'TimeDimType': 'YEAR', 'ParentLocationCode': 'EUR', 'ParentLocation': 'Europe', 'Dim1Type': None, 'Dim1': None, 'TimeDim': 2012, 'Dim2Type': None, 'Dim2': None, 'Dim3Type': None, 'Dim3': None, 'DataSourceDimType': None, 'DataSourceDim': None, 'Value': None, 'NumericValue': None, 'Low': None, 'High': None, 'Comments': 'missing data', 'Date': '2014-01-14T14:45:56+01:00', 'TimeDimensionValue': '2012', 'TimeDimensionBegin': '2012-01-01T00:00:00+01:00', 'TimeDimensionEnd': '2012-12-31T00:00:00+01:00'}"
https://ghoapi.azureedge.net/api/$metadata#SA_0000001732,"{'Id': 6801942, 'IndicatorCode': 'SA_0000001732', 'SpatialDimType': 'COUNTRY', 'SpatialDim': 'PRT', 'TimeDimType': 'YEAR', 'ParentLocationCode': 'EUR', 'ParentLocation': 'Europe', 'Dim1Type': None, 'Dim1': None, 'TimeDim': 2012, 'Dim2Type': None, 'Dim2': None, 'Dim3Type': None, 'Dim3': None, 'DataSourceDimType': None, 'DataSourceDim': None, 'Value': 'Yes', 'NumericValue': None, 'Low': None, 'High': None, 'Comments': None, 'Date': '2014-01-03T16:09:31+01:00', 'TimeDimensionValue': '2012', 'TimeDimensionBegin': '2012-01-01T00:00:00+01:00', 'TimeDimensionEnd': '2012-12-31T00:00:00+01:00'}"
https://ghoapi.azureedge.net/api/$metadata#SA_0000001732,"{'Id': 6801947, 'IndicatorCode': 'SA_0000001732', 'SpatialDimType': 'COUNTRY', 'SpatialDim': 'SVK', 'TimeDimType': 'YEAR', 'ParentLocationCode': 'EUR', 'ParentLocation': 'Europe', 'Dim1Type': None, 'Dim1': None, 'TimeDim': 2012, 'Dim2Type': None, 'Dim2': None, 'Dim3Type': None, 'Dim3': None, 'DataSourceDimType': None, 'DataSourceDim': None, 'Value': 'No', 'NumericValue': None, 'Low': None, 'High': None, 'Comments': None, 'Date': '2014-01-03T16:09:31+01:00', 'TimeDimensionValue': '2012', 'TimeDimensionBegin': '2012-01-01T00:00:00+01:00', 'TimeDimensionEnd': '2012-12-31T00:00:00+01:00'}"
